Name,Sequence,dFF_1126,dFF_1195,dFF_1290
P0,AGCACAGCACGACGCGTA,0.6004488243,1.409836066,1.561643836
P1,AACACCGCACCATCCGAT,0.510994152,0.9535564523,1.287098858
P2,AACGACACACATTCCGCT,0.816812976,1.291180998,1.532101167
P3,AACCCGACACCACACCTG,0.6663681763,0.9386186566,1.552557086
P21,ACCACATCCACAGCCGAT,0.4932666986,1.128621562,1.442287402
P35,GACCACTCCAATTCCGCT,0.7242163009,1.177108228,1.334235453
P43,AGCACCACCAGACTCCTG,0.6272599438,1.297885768,1.48765554
P46,ACGCCACACCATTCCGCT,0.4289921559,0.9159415035,1.087673892
P49,AACCCGAAGCCTGGACCT,0.6557261476,1.674643249,1.622554408
P52,AGCACAACACGGCACCGT,0.7713644524,1.390003897,1.561757453
P56,ACAACAACACCTTCCGCT,0.3118708285,0.6031301285,0.8816594876
P65,AACACAACAGCTCCTCCT,0.3040542653,0.5906561487,0.757248612
P70,AAGGCAACCAGACGTCCG,0.5701836083,1.379175947,1.452546917
P72,ACAACCACCGATCCATCG,0.3368879946,0.5444953215,1.030413134
P79,ACACTCTCCCATTCCGCT,0.144626693,0.2860182921,0.3934024295
P83,AACACCACTCGACGCGTA,0.295057232,0.4265114497,0.6563578444
P84,AGCCAACATCATTCCGCT,0.2720977316,0.4475770237,0.5803698435
P90,ACACCCACTCCACACGCT,0.2350546082,0.4608788853,0.6813941436
P92,GACCCACACCAACCAGTG,0.3431006691,1.366691176,1.254423047
P96,AGCACCCTCTACAGCACA,0.3701118493,0.4599686821,0.7827868852