Name,Sequence,dFF_1126,dFF_1195,dFF_1290
P0,AGCACAGCACGACGCGTA,0.600448824,1.409836066,1.561643836
P1,AACACCGCACCATCCGAT,0.510994152,0.953556452,1.287098858
P2,AACGACACACATTCCGCT,0.816812976,1.291180998,1.532101167
P3,AACCCGACACCACACCTG,0.666368176,0.938618657,1.552557086
P21,ACCACATCCACAGCCGAT,0.493266699,1.128621562,1.442287402
P35,GACCACTCCAATTCCGCT,0.724216301,1.177108228,1.334235453
P43,AGCACCACCAGACTCCTG,0.627259944,1.297885768,1.48765554
P46,ACGCCACACCATTCCGCT,0.428992156,0.915941504,1.087673892
P49,AACCCGAAGCCTGGACCT,0.655726148,1.674643249,1.622554408
P52,AGCACAACACGGCACCGT,0.771364452,1.390003897,1.561757453
P56,ACAACAACACCTTCCGCT,0.462267546,0.937357767,1.259559077
P65,AACACAACAGCTCCTCCT,0.491350738,1.027129087,1.135253906
P70,AAGGCAACCAGACGTCCG,0.801877256,2.103099553,1.952011096
P72,ACAACCACCGATCCATCG,0.477531156,0.785821937,1.405527244
P79,ACACTCTCCCATTCCGCT,0.244113775,0.519904775,0.652842809
P83,AACACCACTCGACGCGTA,0.476514307,0.690588984,0.948860258
P84,AGCCAACATCATTCCGCT,0.441657717,0.789971014,0.949938004
P90,ACACCCACTCCACACGCT,0.311446232,0.688906009,0.959270753
P92,GACCCACACCAACCAGTG,0.673613615,2.713168972,2.027195467
P96,AGCACCCTCTACAGCACA,0.662046508,0.81947652,1.2805489